{"cameraMode":{"drawMode":0,"name":"Shaded","section":"Shading Mode"},"sceneLighting":true,"audioPlay":false,"sceneViewState":{"showFog":true,"showMaterialUpdate":false,"showSkybox":true,"showFlares":true,"showImageEffects":true,"showParticleSystems":true},"in2DMode":false,"pivot":{"x":-12.2271728515625,"y":0.714111328125,"z":-51.0009765625},"rotation":{"x":-0.14467287063598634,"y":0.6978684067726135,"z":-0.14721517264842988,"w":-0.6858404874801636},"size":11.244499206542969,"orthographic":true}